bin,node_2,node_3,node_5,node_6
0,gain,gain,gain,gain
1,gain,gain,gain,gain
2,gain,gain,gain,gain
3,gain,gain,gain,gain
4,gain,gain,gain,gain
5,gain,gain,gain,gain
6,gain,gain,gain,gain
7,gain,gain,gain,gain
8,gain,gain,gain,gain
9,gain,gain,gain,gain
10,gain,gain,gain,gain
11,gain,gain,gain,gain
12,gain,gain,gain,gain
13,gain,gain,gain,gain
14,gain,gain,gain,gain
15,gain,gain,gain,gain
16,gain,gain,gain,gain
17,gain,gain,gain,gain
18,gain,gain,gain,gain
19,gain,gain,gain,gain
20,gain,gain,gain,gain
21,gain,gain,gain,gain
22,gain,gain,gain,gain
23,gain,gain,gain,gain
24,gain,gain,gain,gain
25,gain,gain,gain,gain
26,gain,gain,gain,gain
27,gain,gain,gain,gain
28,gain,gain,gain,gain
29,gain,gain,gain,gain
30,gain,gain,gain,gain
31,gain,gain,gain,gain
32,gain,gain,gain,gain
33,gain,gain,gain,gain
34,gain,gain,gain,gain
35,gain,gain,gain,gain
36,gain,gain,gain,gain
37,gain,gain,gain,gain
38,gain,gain,gain,gain
39,gain,gain,gain,gain
40,gain,gain,gain,gain
41,gain,gain,gain,gain
42,gain,gain,gain,gain
43,gain,gain,gain,gain
44,gain,gain,gain,gain
45,gain,gain,gain,gain
46,gain,gain,gain,gain
47,gain,gain,gain,gain
48,gain,gain,gain,gain
49,gain,gain,gain,gain
50,gain,gain,gain,gain
51,gain,gain,gain,gain
52,gain,gain,gain,gain
53,gain,gain,gain,gain
54,gain,gain,gain,gain
55,gain,gain,gain,gain
56,gain,gain,gain,gain
57,gain,gain,gain,gain
58,gain,gain,gain,gain
59,gain,gain,gain,gain
60,gain,gain,gain,gain
61,gain,gain,gain,gain
62,gain,gain,gain,gain
63,gain,gain,gain,gain
64,gain,gain,gain,gain
65,gain,gain,gain,gain
66,gain,gain,gain,gain
67,gain,gain,gain,gain
68,neutral,neutral,neutral,neutral
69,neutral,neutral,neutral,neutral
70,neutral,neutral,neutral,neutral
71,neutral,neutral,neutral,neutral
72,neutral,neutral,neutral,neutral
73,neutral,neutral,neutral,neutral
74,neutral,neutral,neutral,neutral
75,neutral,neutral,neutral,neutral
76,neutral,neutral,neutral,neutral
77,neutral,neutral,neutral,neutral
78,neutral,neutral,neutral,neutral
79,neutral,neutral,neutral,neutral
80,neutral,neutral,neutral,neutral
81,neutral,neutral,neutral,neutral
82,neutral,neutral,neutral,neutral
83,neutral,neutral,neutral,neutral
84,neutral,neutral,neutral,neutral
85,neutral,neutral,neutral,neutral
86,neutral,neutral,neutral,neutral
87,neutral,neutral,neutral,neutral
88,neutral,neutral,neutral,neutral
89,neutral,neutral,neutral,neutral
90,neutral,neutral,neutral,neutral
91,neutral,neutral,neutral,neutral
92,neutral,neutral,neutral,neutral
93,neutral,neutral,neutral,neutral
94,neutral,neutral,neutral,neutral
95,neutral,neutral,neutral,neutral
96,neutral,neutral,neutral,neutral
97,neutral,neutral,neutral,neutral
98,neutral,neutral,neutral,neutral
99,neutral,neutral,neutral,neutral
100,neutral,neutral,neutral,neutral
101,neutral,neutral,neutral,neutral
102,neutral,neutral,neutral,neutral
103,neutral,neutral,neutral,neutral
104,neutral,neutral,neutral,neutral
105,neutral,neutral,neutral,neutral
106,neutral,neutral,neutral,neutral
107,neutral,neutral,neutral,neutral
108,neutral,neutral,neutral,neutral
109,neutral,neutral,neutral,neutral
110,neutral,neutral,neutral,neutral
111,neutral,neutral,neutral,neutral
112,neutral,neutral,neutral,neutral
113,neutral,neutral,neutral,neutral
114,neutral,neutral,neutral,neutral
115,neutral,neutral,neutral,neutral
116,neutral,neutral,neutral,neutral
117,neutral,neutral,neutral,neutral
118,neutral,neutral,neutral,neutral
119,neutral,neutral,neutral,neutral
120,neutral,neutral,neutral,neutral
121,neutral,neutral,neutral,neutral
122,neutral,neutral,neutral,neutral
123,neutral,neutral,neutral,neutral
124,neutral,neutral,neutral,neutral
125,neutral,neutral,neutral,neutral
126,neutral,neutral,neutral,neutral
127,neutral,neutral,neutral,neutral
128,neutral,neutral,neutral,neutral
129,neutral,neutral,neutral,neutral
130,neutral,neutral,neutral,neutral
131,neutral,neutral,neutral,neutral
132,neutral,neutral,neutral,neutral
133,neutral,neutral,neutral,neutral
134,neutral,neutral,neutral,neutral
135,neutral,neutral,neutral,neutral
136,neutral,neutral,neutral,neutral
137,neutral,neutral,neutral,neutral
138,neutral,neutral,neutral,neutral
139,neutral,neutral,neutral,neutral
140,neutral,neutral,neutral,neutral
141,neutral,neutral,neutral,neutral
142,neutral,neutral,neutral,neutral
143,neutral,neutral,neutral,neutral
144,neutral,neutral,neutral,neutral
145,neutral,neutral,neutral,neutral
146,neutral,neutral,neutral,neutral
147,neutral,neutral,neutral,neutral
148,neutral,neutral,neutral,neutral
149,neutral,neutral,neutral,neutral
150,neutral,neutral,neutral,neutral
151,neutral,neutral,neutral,neutral
152,neutral,neutral,neutral,neutral
153,neutral,neutral,neutral,neutral
154,neutral,neutral,neutral,neutral
155,neutral,neutral,neutral,neutral
156,neutral,neutral,neutral,neutral
157,neutral,neutral,neutral,neutral
158,neutral,neutral,neutral,neutral
159,neutral,neutral,neutral,neutral
160,neutral,neutral,neutral,neutral
161,neutral,neutral,neutral,neutral
162,neutral,neutral,neutral,neutral
163,neutral,neutral,neutral,neutral
164,neutral,neutral,neutral,neutral
165,neutral,neutral,neutral,neutral
166,neutral,neutral,neutral,neutral
167,neutral,neutral,neutral,neutral
168,neutral,neutral,neutral,neutral
169,neutral,neutral,neutral,neutral
170,neutral,neutral,neutral,neutral
171,neutral,neutral,neutral,neutral
172,neutral,neutral,neutral,neutral
173,neutral,neutral,neutral,neutral
174,neutral,neutral,neutral,neutral
175,neutral,neutral,neutral,neutral
176,neutral,neutral,neutral,neutral
177,neutral,neutral,neutral,neutral
178,neutral,neutral,neutral,neutral
179,neutral,neutral,neutral,neutral
180,neutral,neutral,neutral,neutral
181,neutral,neutral,neutral,neutral
182,neutral,neutral,neutral,neutral
183,neutral,neutral,neutral,neutral
184,neutral,neutral,neutral,neutral
185,neutral,neutral,neutral,neutral
186,neutral,neutral,neutral,neutral
187,neutral,neutral,neutral,neutral
188,neutral,neutral,neutral,neutral
189,neutral,neutral,neutral,neutral
190,neutral,neutral,neutral,neutral
191,neutral,neutral,neutral,neutral
192,neutral,neutral,neutral,neutral
193,neutral,neutral,neutral,neutral
194,neutral,neutral,neutral,neutral
195,neutral,neutral,neutral,neutral
196,neutral,neutral,neutral,neutral
197,neutral,neutral,neutral,neutral
198,neutral,neutral,neutral,neutral
199,neutral,neutral,neutral,neutral
200,neutral,neutral,neutral,neutral
201,neutral,neutral,neutral,neutral
202,neutral,neutral,neutral,neutral
203,neutral,neutral,neutral,neutral
204,neutral,neutral,neutral,neutral
205,neutral,neutral,neutral,neutral
206,neutral,neutral,neutral,neutral
207,neutral,neutral,neutral,neutral
208,neutral,neutral,neutral,neutral
209,neutral,neutral,neutral,neutral
210,neutral,neutral,neutral,neutral
211,neutral,neutral,neutral,neutral
212,neutral,neutral,neutral,neutral
213,neutral,neutral,neutral,neutral
214,neutral,neutral,neutral,neutral
215,neutral,neutral,neutral,neutral
216,neutral,neutral,neutral,neutral
217,neutral,neutral,neutral,neutral
218,neutral,neutral,neutral,neutral
219,neutral,neutral,neutral,neutral
220,neutral,neutral,neutral,neutral
221,neutral,neutral,neutral,neutral
222,neutral,neutral,neutral,neutral
223,neutral,neutral,neutral,neutral
224,neutral,neutral,neutral,neutral
225,neutral,neutral,neutral,neutral
226,neutral,neutral,neutral,neutral
227,neutral,neutral,neutral,neutral
228,neutral,neutral,neutral,neutral
229,neutral,neutral,neutral,neutral
230,neutral,neutral,neutral,neutral
231,neutral,neutral,neutral,neutral
232,neutral,neutral,neutral,neutral
233,neutral,neutral,neutral,neutral
234,neutral,neutral,neutral,neutral
235,neutral,neutral,neutral,neutral
236,neutral,neutral,neutral,neutral
237,neutral,neutral,neutral,neutral
238,neutral,neutral,neutral,neutral
239,neutral,neutral,neutral,neutral
240,neutral,neutral,neutral,neutral
241,neutral,neutral,neutral,neutral
242,neutral,neutral,neutral,neutral
243,neutral,neutral,neutral,neutral
244,neutral,neutral,neutral,neutral
245,neutral,neutral,neutral,neutral
246,neutral,neutral,neutral,neutral
247,neutral,neutral,neutral,neutral
248,neutral,neutral,neutral,neutral
249,neutral,neutral,neutral,neutral
250,neutral,neutral,neutral,neutral
251,neutral,neutral,neutral,neutral
252,neutral,neutral,neutral,neutral
253,neutral,neutral,neutral,neutral
254,neutral,neutral,neutral,neutral
255,neutral,neutral,neutral,neutral
256,neutral,neutral,neutral,neutral
257,neutral,neutral,neutral,neutral
258,neutral,neutral,neutral,neutral
259,neutral,neutral,neutral,neutral
260,neutral,neutral,neutral,neutral
261,neutral,neutral,neutral,neutral
262,neutral,neutral,neutral,neutral
263,neutral,neutral,neutral,neutral
264,neutral,neutral,neutral,neutral
265,neutral,neutral,neutral,neutral
266,neutral,neutral,neutral,neutral
267,neutral,neutral,neutral,neutral
268,neutral,neutral,neutral,neutral
269,neutral,neutral,neutral,neutral
270,neutral,neutral,neutral,neutral
271,neutral,neutral,neutral,neutral
272,neutral,neutral,neutral,neutral
273,neutral,neutral,neutral,neutral
274,neutral,neutral,neutral,neutral
275,neutral,neutral,neutral,neutral
276,neutral,neutral,neutral,neutral
277,neutral,neutral,neutral,neutral
278,neutral,neutral,neutral,neutral
279,gain,gain,gain,gain
280,gain,gain,gain,gain
281,gain,gain,gain,gain
282,gain,gain,gain,gain
283,gain,gain,gain,gain
284,gain,gain,gain,gain
285,gain,gain,gain,gain
286,gain,gain,gain,gain
287,neutral,neutral,neutral,neutral
288,neutral,neutral,neutral,neutral
289,neutral,neutral,neutral,neutral
290,neutral,neutral,neutral,neutral
291,neutral,neutral,neutral,neutral
292,neutral,neutral,neutral,neutral
293,neutral,neutral,neutral,neutral
294,neutral,neutral,neutral,neutral
295,neutral,neutral,neutral,neutral
296,neutral,neutral,neutral,neutral
297,neutral,neutral,neutral,neutral
298,neutral,neutral,neutral,neutral
299,neutral,neutral,neutral,neutral
300,neutral,neutral,neutral,neutral
301,neutral,neutral,neutral,neutral
302,neutral,neutral,neutral,neutral
303,neutral,neutral,neutral,neutral
304,neutral,neutral,neutral,neutral
305,neutral,neutral,neutral,neutral
306,neutral,neutral,neutral,neutral
307,neutral,neutral,neutral,neutral
308,neutral,neutral,neutral,neutral
309,neutral,neutral,neutral,neutral
310,neutral,neutral,neutral,neutral
311,neutral,neutral,neutral,neutral
312,neutral,neutral,neutral,neutral
313,neutral,neutral,neutral,neutral
314,neutral,neutral,neutral,neutral
315,neutral,neutral,neutral,neutral
316,neutral,neutral,neutral,neutral
317,neutral,neutral,neutral,neutral
318,neutral,neutral,neutral,neutral
319,neutral,neutral,neutral,neutral
320,neutral,neutral,neutral,neutral
321,neutral,neutral,neutral,neutral
322,neutral,neutral,neutral,neutral
323,neutral,neutral,neutral,neutral
324,neutral,neutral,neutral,neutral
325,neutral,neutral,neutral,neutral
326,neutral,neutral,neutral,neutral
327,neutral,neutral,neutral,neutral
328,neutral,neutral,neutral,neutral
329,neutral,neutral,neutral,neutral
330,neutral,neutral,neutral,neutral
331,neutral,neutral,neutral,neutral
332,neutral,neutral,neutral,neutral
333,neutral,neutral,neutral,neutral
334,neutral,neutral,neutral,neutral
335,neutral,neutral,neutral,neutral
336,loss,gain,gain,gain
337,loss,gain,gain,gain
338,loss,gain,gain,gain
339,loss,gain,gain,gain
340,loss,gain,gain,gain
341,loss,gain,gain,gain
342,loss,gain,gain,gain
343,neutral,neutral,neutral,neutral
344,neutral,neutral,neutral,neutral
345,neutral,neutral,neutral,neutral
346,neutral,neutral,neutral,neutral
347,neutral,neutral,neutral,neutral
348,neutral,neutral,neutral,neutral
349,neutral,neutral,neutral,neutral
350,neutral,neutral,neutral,neutral
351,neutral,neutral,neutral,neutral
352,neutral,neutral,neutral,neutral
353,neutral,neutral,neutral,neutral
354,neutral,neutral,neutral,neutral
355,neutral,neutral,neutral,neutral
356,neutral,neutral,neutral,neutral
357,neutral,neutral,neutral,neutral
358,neutral,neutral,neutral,neutral
359,neutral,neutral,neutral,neutral
360,neutral,neutral,neutral,neutral
361,neutral,neutral,neutral,neutral
362,neutral,neutral,neutral,neutral
363,neutral,gain,gain,gain
364,neutral,gain,gain,gain
365,neutral,gain,gain,gain
366,neutral,gain,gain,gain
367,neutral,gain,gain,gain
368,neutral,gain,gain,gain
369,neutral,gain,gain,gain
370,neutral,gain,gain,gain
371,neutral,gain,gain,gain
372,neutral,gain,gain,gain
373,neutral,gain,gain,gain
374,neutral,gain,gain,gain
375,neutral,gain,gain,gain
376,neutral,gain,gain,gain
377,neutral,gain,gain,gain
378,neutral,gain,gain,gain
379,neutral,gain,gain,gain
380,neutral,gain,gain,gain
381,neutral,gain,gain,gain
382,neutral,gain,gain,gain
383,neutral,gain,gain,gain
384,neutral,gain,gain,gain
385,neutral,gain,gain,gain
386,neutral,gain,gain,gain
387,neutral,gain,gain,gain
388,neutral,gain,gain,gain
389,neutral,gain,gain,gain
390,gain,gain,gain,gain
391,gain,gain,gain,gain
392,gain,gain,gain,gain
393,gain,gain,gain,gain
394,gain,gain,gain,gain
395,gain,gain,gain,gain
396,neutral,neutral,neutral,neutral
397,neutral,neutral,neutral,neutral
398,neutral,neutral,neutral,neutral
399,neutral,neutral,neutral,neutral
400,neutral,neutral,neutral,neutral
401,neutral,neutral,neutral,neutral
402,neutral,neutral,neutral,neutral
403,neutral,neutral,neutral,neutral
404,neutral,neutral,neutral,neutral
405,neutral,neutral,neutral,neutral
406,neutral,neutral,neutral,neutral
407,neutral,neutral,neutral,neutral
408,neutral,neutral,neutral,neutral
409,neutral,neutral,neutral,neutral
410,neutral,neutral,neutral,neutral
411,neutral,neutral,neutral,neutral
412,neutral,neutral,neutral,neutral
413,neutral,neutral,neutral,neutral
414,neutral,neutral,neutral,neutral
415,neutral,neutral,neutral,neutral
416,neutral,neutral,neutral,neutral
417,neutral,neutral,neutral,neutral
418,neutral,neutral,neutral,neutral
419,neutral,neutral,neutral,neutral
420,neutral,neutral,neutral,neutral
421,neutral,gain,gain,gain
422,neutral,gain,gain,gain
423,neutral,gain,gain,gain
424,neutral,gain,gain,gain
425,neutral,gain,gain,gain
426,neutral,gain,gain,gain
427,neutral,gain,gain,gain
428,neutral,gain,gain,gain
429,neutral,gain,gain,gain
430,neutral,gain,gain,gain
431,neutral,gain,gain,gain
432,neutral,gain,gain,gain
433,neutral,gain,gain,gain
434,neutral,gain,gain,gain
435,neutral,gain,gain,gain
436,neutral,gain,gain,gain
437,neutral,gain,gain,gain
438,neutral,gain,gain,gain
439,neutral,neutral,neutral,neutral
440,neutral,neutral,neutral,gain
441,neutral,neutral,neutral,gain
442,neutral,neutral,neutral,gain
443,neutral,neutral,neutral,neutral
444,neutral,neutral,neutral,neutral
445,neutral,neutral,neutral,neutral
446,neutral,neutral,neutral,neutral
447,neutral,neutral,neutral,neutral
448,neutral,neutral,neutral,neutral
449,neutral,neutral,neutral,neutral
450,neutral,neutral,neutral,neutral
451,neutral,neutral,neutral,neutral
452,neutral,neutral,neutral,neutral
453,neutral,neutral,neutral,neutral
454,neutral,neutral,neutral,neutral
455,neutral,neutral,neutral,neutral
456,neutral,neutral,neutral,neutral
457,neutral,neutral,neutral,neutral
458,neutral,neutral,neutral,neutral
459,neutral,neutral,neutral,neutral
460,neutral,neutral,neutral,neutral
461,neutral,neutral,neutral,neutral
462,neutral,neutral,neutral,neutral
463,neutral,neutral,neutral,neutral
464,neutral,neutral,neutral,neutral
465,neutral,neutral,neutral,neutral
466,neutral,neutral,neutral,neutral
467,neutral,neutral,neutral,neutral
468,neutral,neutral,neutral,neutral
469,neutral,neutral,neutral,neutral
470,neutral,neutral,neutral,neutral
471,neutral,neutral,neutral,neutral
472,neutral,neutral,neutral,neutral
473,neutral,neutral,neutral,neutral
474,neutral,neutral,neutral,neutral
475,neutral,neutral,neutral,neutral
476,neutral,neutral,neutral,neutral
477,neutral,neutral,neutral,neutral
478,neutral,neutral,neutral,neutral
479,neutral,neutral,neutral,neutral
480,neutral,neutral,neutral,neutral
481,neutral,neutral,neutral,neutral
482,neutral,neutral,neutral,neutral
483,neutral,neutral,neutral,neutral
484,neutral,neutral,neutral,neutral
485,neutral,neutral,neutral,neutral
486,neutral,neutral,neutral,neutral
487,neutral,neutral,neutral,neutral
488,neutral,neutral,neutral,neutral
489,neutral,neutral,neutral,neutral
490,neutral,neutral,neutral,neutral
491,neutral,neutral,neutral,neutral
492,neutral,neutral,neutral,neutral
493,neutral,neutral,neutral,neutral
494,neutral,neutral,neutral,neutral
495,neutral,neutral,neutral,neutral
496,neutral,neutral,neutral,neutral
497,neutral,neutral,neutral,neutral
498,neutral,neutral,neutral,neutral
499,neutral,neutral,neutral,neutral
500,neutral,neutral,neutral,neutral
501,neutral,neutral,neutral,neutral
502,neutral,neutral,neutral,neutral
503,neutral,neutral,neutral,neutral
504,neutral,neutral,neutral,neutral
505,neutral,neutral,neutral,neutral
506,neutral,neutral,neutral,neutral
507,neutral,neutral,neutral,neutral
508,neutral,neutral,neutral,neutral
509,neutral,neutral,neutral,neutral
510,neutral,neutral,neutral,neutral
511,neutral,neutral,neutral,neutral
512,neutral,neutral,neutral,neutral
513,neutral,neutral,neutral,neutral
514,neutral,neutral,neutral,neutral
515,neutral,neutral,neutral,neutral
516,neutral,neutral,neutral,neutral
517,neutral,neutral,neutral,neutral
518,neutral,neutral,neutral,neutral
519,neutral,neutral,neutral,neutral
520,neutral,neutral,neutral,neutral
521,neutral,neutral,neutral,neutral
522,neutral,neutral,neutral,neutral
523,neutral,neutral,neutral,neutral
524,neutral,neutral,neutral,neutral
525,neutral,neutral,neutral,neutral
526,neutral,neutral,neutral,neutral
527,neutral,neutral,neutral,neutral
528,neutral,neutral,neutral,neutral
529,neutral,neutral,neutral,neutral
530,neutral,neutral,neutral,neutral
531,neutral,neutral,neutral,neutral
532,neutral,neutral,neutral,neutral
533,neutral,neutral,neutral,neutral
534,neutral,neutral,neutral,neutral
535,neutral,neutral,neutral,neutral
536,neutral,neutral,neutral,neutral
537,loss,loss,loss,loss
538,loss,loss,loss,loss
539,loss,loss,loss,loss
540,loss,loss,loss,loss
541,loss,loss,loss,loss
542,loss,loss,loss,loss
543,loss,loss,loss,loss
544,loss,loss,loss,loss
545,loss,loss,loss,loss
546,loss,loss,loss,loss
547,loss,loss,loss,loss
548,loss,loss,loss,loss
549,neutral,neutral,neutral,neutral
550,neutral,neutral,neutral,neutral
551,neutral,neutral,neutral,neutral
552,neutral,neutral,neutral,neutral
553,neutral,neutral,neutral,neutral
554,neutral,neutral,neutral,neutral
555,neutral,neutral,neutral,neutral
556,neutral,neutral,neutral,neutral
557,neutral,neutral,neutral,neutral
558,neutral,neutral,neutral,neutral
559,neutral,neutral,neutral,neutral
560,neutral,neutral,neutral,neutral
561,neutral,neutral,neutral,neutral
562,neutral,neutral,neutral,neutral
563,neutral,neutral,neutral,neutral
564,neutral,neutral,neutral,neutral
565,neutral,neutral,neutral,neutral
566,neutral,neutral,neutral,neutral
567,neutral,neutral,neutral,neutral
568,neutral,neutral,neutral,neutral
569,neutral,neutral,neutral,neutral
570,neutral,neutral,neutral,neutral
571,neutral,neutral,neutral,neutral
572,neutral,neutral,neutral,neutral
573,neutral,neutral,neutral,neutral
574,neutral,neutral,neutral,neutral
575,neutral,neutral,neutral,neutral
576,neutral,neutral,neutral,neutral
